USP 消音版 | 阿尔卑斯迷彩,109652,
USP 消音版 | 银装素裹,61726,
USP 消音版 | 力矩,243,54921
USP 消音版 | 印花集,102375,102443
USP 消音版 | 脑洞大开,43401,50377
USP 消音版 | 倒吊人,55103,55930
USP 消音版 | 黑色魅影,753,52194
USP 消音版 | 次时代,228,54537
USP 消音版 | 椰风花语,110932,
USP 消音版 | 枪响人亡,43639,870
USP 消音版 | 公路杀手,43652,51666
USP 消音版 | 小绿怪,44828,48675
USP 消音版 | 血刃,111313,
USP 消音版 | 黑莲花,61520,61526
USP 消音版 | 破颚者,108549,108746
USP 消音版 | 猎户,1970,47047
USP 消音版 | 27,109651,109981
USP 消音版 | 宝蓝之色,52507,56461
USP 消音版 | 午夜行动,1228,
USP 消音版 | 血刃,111313,
USP 消音版 | 蓝图,797,49069
USP 消音版 | 铅管,45869,45110
USP 消音版 | 橙红安乐蜥,61905,
USP 消音版 | 引擎故障灯,44443,47760
USP 消音版 | 紫色 DDPAT ,61642,100422
USP 消音版 | 皇家卫队,110951,
USP 消音版 | 闪回,5881,47731
USP 消音版 | 黑水,1712,
USP 消音版 | PC-GRN,110777,111082
USP 消音版 | 锁定,50468,
USP 消音版 | 不锈钢,43661,48351
USP 消音版 | 森林之叶,46387,
USP 消音版 | 沙漠战术,103568,104274
USP 消音版 | 地狱门票,101432,101485
USP 消音版 | 商业皮革,53966,
USP 消音版 | 血清,45752,
USP 消音版 | 疯狂蔓延,52408,51331
USP 消音版 | 远古幻想,50089,
USP 消音版 | 血虎,47343,

格洛克 18 型 | 富兰克林,45901,
格洛克 18 型 | 渐变之色,50998,
格洛克 18 型 | 暮光星系,45603,
格洛克 18 型 | 沙丘之黄,57704,
格洛克 18 型 | 合成叶,49327,
格洛克 18 型 | 黄铜,48337,
格洛克 18 型 | 核子反应,47529,56913
格洛克 18 型 | 核子花园,2302,58408
格洛克 18 型 | 粉红 DDPAT,61655,100465
格洛克 18 型 | 噩梦之夜,52441,52424
格洛克 18 型 | 格林线,110788,112415
格洛克 18 型 | 蓝色裂纹 ,51297,53230
格洛克 18 型 | 拉美西斯之触,103585,104294
格洛克 18 型 | AXIA,109812,
格洛克 18 型 | 伽玛多普勒,61735,
格洛克 18 型 | 子弹皇后,45493,53908
格洛克 18 型 | 大金牙,109929,109986
格洛克 18 型 | 零食派对,61550,61555
格洛克 18 型 | 荒野反叛,667,47335
格洛克 18 型 | 黑龙纹身,43712,
格洛克 18 型 | 水灵,44258,45524
格洛克 18 型 | 格更鸟,111280,
格洛克 18 型 | 崩络克-18,108541,108660
格洛克 18 型 | 亡者之寝,1590,1036
格洛克 18 型 | 黑色魅影,45254,54896
格洛克 18 型 | 烈焰天使,47500,5236
格洛克 18 型 | 红苹果,871,55323
格洛克 18 型 | 忍瞳,110880,111346
格洛克 18 型 | 镜面马赛克,113032,113086
格洛克 18 型 | 格林线,110788,112415
格洛克 18 型 | 摩登时代,1973,44988
格洛克 18 型 | 城里的月光,2523,34842
格洛克 18 型 | 幻影冥魂,2982,10997
格洛克 18 型 | 凫色涂鸦,117404,109644
格洛克 18 型 | 远光灯,389,
格洛克 18 型 | 铁之作,47356,14608
格洛克 18 型 | 皇家军团,2583,2575
格洛克 18 型 | 钢铁禁锢,50513,
格洛克 18 型 | 圆影玉兔,103235,103303
格洛克 18 型 | 珊红花汛,111367,
格洛克 18 型 | 一目了然,53835,54734
格洛克 18 型 | 冬季战术,102399,102414
格洛克 18 型 | 鼬鼠,1692,46096
格洛克 18 型 | 深海地貌,111246,
格洛克 18 型 | 战鹰,49374,49275
格洛克 18 型 | 异星世界,2381,46432
格洛克 18 型 | 远光灯,389,
格洛克 18 型 | 深海地貌,111246,
格洛克 18 型 | 夺命撼响,43297,
格洛克 18 型 | 锈蚀烈焰,2530,1506
格洛克 18 型 | 粉碎者,987,44731
格洛克 18 型 | 本生灯,43641,49349
格洛克 18 型 | 亡者之寝,1590,1036
格洛克 18 型 | 地下水,56203,56976
格洛克 18 型 | 红色轮胎,61826,100443

AK-47 | 野荷,48144,
AK-47 | 水栽竹,43800,
AK-47 | 黄金藤蔓,62217,100520
AK-47 | X 射线,47261,
AK-47 | 火蛇,49082,56472
AK-47 | 火神,5124,47533
AK-47 | 酷炫涂鸦皮革,54212,
AK-47 | 美洲豹,46962,101418
AK-47 | 表面淬火,798,52041
AK-47 | 怪兽在B,109970,117570
AK-47 | 抽象派 1337,61402,61407
AK-47 | 燃料喷射器,44953,2244
AK-47 | 流金王朝,113114,113146
AK-47 | 深海复仇,43653,49444
AK-47 | 二西莫夫,43398,54857
AK-47 | 荒野反叛,47462,56912
AK-47 | 霓虹革命,43638,49884
AK-47 | 血腥运动,43663,
AK-47 | 局外人,109925,109988
AK-47 | 红线,1243,
AK-47 | 传承,108617,108734
AK-47 | 橄榄迷彩,109563,
AK-47 | 红色层压板,43812,58461
AK-47 | 霓虹骑士,1978,46109
AK-47 | 至高皮革,51749,
AK-47 | 黑色层压板,52760,55517
AK-47 | 新红浪潮,111393,
AK-47 | 皇后,43397,53251
AK-47 | 墨岩,53495,55147
AK-47 | 卡特尔,3265,45618
AK-47 | 午夜层压板,111310,
AK-47 | 混沌点阵,43635,50182

M4A4 | 咆哮,49153,
M4A4 | 波塞冬,2128,
M4A4 | 合纵,61689,
M4A4 | 辐射危机,55435,57543
M4A4 | 荷鲁斯之眼,103590,104312
M4A4 | 喧嚣杀戮,3320,2573
M4A4 | 地狱烈焰,43649,49762
M4A4 | 炼狱之火,111040,112418
M4A4 | 皇帝,1972,52304
M4A4 | 二西莫夫
M4A4 | 狂哮飓风,53061,48197
M4A4 | 红色 DDPAT,61858,100546
M4A4 | 弹雨,45492,46260
M4A4 | 战场之星,44621,47227
M4A4 | X 射线,2739,45608
M4A4 | 反冲精英,103318,103338
M4A4 | 现代猎手,53399,
M4A4 | 活色生香,53517,54997
M4A4 | 黑色魅影,512,45862
M4A4 | 死寂空间,45346,51997
M4A4 | 赛博,44635,51225
M4A4 | 破浪狂飙,113109,113145
M4A4 | 皇家圣骑士,2290,56693
M4A4 | 彼岸花,61439,61444
M4A4 | 暗之绽放,878,
M4A4 | 龙王,1793,45000
M4A4 | 星级,54976,55434
M4A4 | 丛林虎,55144,
M4A4 | 沙漠风暴,53313,
M4A4 | 狮鹫,44835,50553
M4A4 | 沙漠精英,44074,1039
M4A4 | 丛林虎,37151,48417
M4A4 | 变频器,1633,2265
M4A4 | 杀意大名,10995,1164
M4A4 | 蚀刻领主,108571,108729
M4A4 | 涡轮,109866,109977
M4A4 | 海军虎纹迷彩,110898,
M4A4 | 镁元素,1092,45583
M4A4 | 透明弹匣,102397,102410
M4A4 | 都市 DDPAT,14627,57800
M4A4 | 钢铁红流,110868,
M4A4 | 战鹰,110802,110749
M4A4 | 主机,1085,44376
M4A4 | 轰天闪,111351,
M4A4 | 渐变斑纹,57485,53389
M4A4 | 全球攻势,44085,

M4A1消音版 | 冒险家乐园,49073,102230
M4A1消音版 | 骑士,53413,
M4A1消音版 | 紧迫危机,62276,100524
M4A1消音版 | 伊卡洛斯殒落,43950,
M4A1消音版 | 赤红新星,47839,
M4A1消音版 | 二号玩家,2408,51891
M4A1消音版 | 蒸汽波,109909,109767
M4A1消音版 | 机械工业,1630,47146
M4A1消音版 | 渐变之色,109804,
M4A1消音版 | 女火神之炽焰,47389,57094
M4A1消音版 | 原子合金,43764,54259
M4A1消音版 | 次时代,1222,51313
M4A1消音版 | 印花集,46298,52640
M4A1消音版 | 苔藓石英,43485,
M4A1消音版 | 黑水,265,
M4A1消音版 | 暴怒野兽,50476,54904
M4A1消音版 | 幽独,112956,
M4A1消音版 | 液化,112992,113074
M4A1消音版 | 澜磷,45056,
M4A1消音版 | 金蛇缠绕,2593,50943
M4A1消音版 | 毁灭者 2000,2148,47465
M4A1消音版 | 翼蜥,2397,52274
M4A1消音版 | 黑莲花,108605,108684
M4A1消音版 | 隐伏帝王龙,103188,103290
M4A1消音版 | 平流层巡航,111412,
M4A1消音版 | 氮化处理,43642,
M4A1消音版 | 原子合金,43764,54259
M4A1消音版 | 守护者,44699,43527
M4A1消音版 | 闪回,47878,45243
M4A1消音版 | 泥斑迷彩,103572,104258
M4A1消音版 | 神来之作,48334,59217
M4A1消音版 | 血虎,44099,51136
M4A1消音版 | 控制台,46886,104319
M4A1消音版 | 澄澈之水,4655,
M4A1消音版 | 玫瑰蜂巢,111179,
M4A1消音版 | 气泡流行,61684,
M4A1消音版 | 请擦擦,109737,117416
M4A1消音版 | 北方森林,45903,59231

AWP | 巨龙传说,49056,59090
AWP | 永恒之枪,48830,
AWP | 美杜莎,54020,
AWP | 九头金蛇,62268,100535
AWP | 王子,45882,
AWP | 鬼退治,44228,49890
AWP | CMYK,109985,
AWP | 灵缇,111297,112419
AWP | 锦虎,49281,
AWP | 雷击,43393,
AWP | *嘣*,48325,57304
AWP | 渐变之色,45724,
AWP | 印花集,111298,111356
AWP | 克拉考,109941,117631
AWP | 野火,44446,53357
AWP | 冲出重围,48906,53626
AWP | 黑色魅影,745,48988
AWP | 镀铬大炮,108715,108786
AWP | 红线,3795,44681
AWP | 一击碧命,111362,
AWP | 迷人眼,102370,102441
AWP | 二西莫夫,407,43932
AWP | 复古流行,61675,
AWP | 浮生如梦,864,48173
AWP | 石墨黑,1242,
AWP | 无畏战神,608,
AWP | 可燃冰,112980,113087
AWP | 狮子之日,2446,
AWP | 精英之作,43848,48343
AWP | 金粉肆蛇,103345,103352
AWP | 树蝰,2230,10852
AWP | 电子蜂巢,400,50107
AWP | 亡灵之主,10022,44906
AWP | 冥界之河,47628,57754
AWP | 暴怒野兽,45592,54477
AWP | 响尾蛇,2923,59098
AWP | 尼罗河沃土,103566,104278
AWP | 珊瑚树,49533,52804
AWP | 砷化污染,111023,
AWP | 石墨黑,1242,
AWP | 死神,2611,45651
AWP | 猫猫狗狗,234,45612
AWP | 蠕虫之神,1515,1179
AWP | 毛细血管,48357,51243
AWP | 狩猎网格,4662,109465
AWP | 火卫一,980,

沙漠之鹰 | 日落风暴 弐,43801,
沙漠之鹰 | 沙漠之狐,61660,100415
沙漠之鹰 | 炽烈之炎,43399,
沙漠之鹰 | 翡翠巨蟒,44457,
沙漠之鹰 | 纵横波涛,61560,61565
沙漠之鹰 | 星尘拱廊,109955,
沙漠之鹰 | 蛊惑之色,44932,
沙漠之鹰 | 印花集,918,46395
沙漠之鹰 | 红色代号,2582,54619
沙漠之鹰 | 热处理,109890,
沙漠之鹰 | 大佬龙,2301,54137
沙漠之鹰 | 午夜风暴,2180,
沙漠之鹰 | 日落风暴 壱,48574,
沙漠之鹰 | 深红之网,48851,44394
沙漠之鹰 | 巨蟒冲击,110720,111104
沙漠之鹰 | 阴谋者,876,34773
沙漠之鹰 | 后发制人,53597,54998
沙漠之鹰 | 玛珀丽,111322,
沙漠之鹰 | 跷跷板,109798,117402
沙漠之鹰 | 钴蓝禁锢,2117,
沙漠之鹰 | 手上加农炮,46920,43843
沙漠之鹰 | 黄金锦鲤,44950,
沙漠之鹰 | 飞行员,44231,
沙漠之鹰 | 轻轨,4293,48409
沙漠之鹰 | 书法涂鸦,109898,109975
沙漠之鹰 | 机械工业,1566,49123
沙漠之鹰 | 薄荷折扇,111286,
沙漠之鹰 | 遗产,5233,53028
沙漠之鹰 | 纳迦蛇神,43518,52137
沙漠之鹰 | 都市 DDPAT,55249,48166
沙漠之鹰 | 黄金锦鲤,44950,
沙漠之鹰 | 陨星,3378,
沙漠之鹰 | 噩梦之夜,53046,
沙漠之鹰 | 蓝色层压板,44983,810
沙漠之鹰 | 古铜密码,12697,
沙漠之鹰 | 都市瓦砾,1942,52662
沙漠之鹰 | 人造卫星,61740,
沙漠之鹰 | 指挥,53037,55195
沙漠之鹰 | 泥地杀手,47530,
沙漠之鹰 | 青铜装饰,1371,2743
沙漠之鹰 | 科林斯遗产,43410,
沙漠之鹰 | 锈蚀烈焰,242,1033
